operacao,p,q,custo_i,total_acessos,custo_medio
1,528,503,3,3,3.0
2,548,523,3,6,3.0
3,389,414,3,9,3.0
4,446,421,3,12,3.0
5,552,553,3,15,3.0
6,154,155,3,18,3.0
7,173,174,3,21,3.0
8,373,348,3,24,3.0
9,567,542,3,27,3.0
10,44,43,3,30,3.0
11,370,345,3,33,3.0
12,546,547,3,36,3.0
13,204,229,3,39,3.0
14,404,429,3,42,3.0
15,240,215,3,45,3.0
16,364,389,4,49,3.0625
17,612,611,3,52,3.0588235294117645
18,513,512,3,55,3.0555555555555554
19,377,376,3,58,3.0526315789473686
20,468,443,3,61,3.05
21,410,435,3,64,3.0476190476190474
22,243,218,3,67,3.0454545454545454
23,347,322,3,70,3.0434782608695654
24,580,581,3,73,3.0416666666666665
25,188,163,3,76,3.04
26,61,36,3,79,3.0384615384615383
27,545,546,4,83,3.074074074074074
28,93,68,3,86,3.0714285714285716
29,84,83,3,89,3.0689655172413794
30,94,69,3,92,3.066666666666667
31,7,8,3,95,3.064516129032258
32,619,618,3,98,3.0625
33,314,339,3,101,3.0606060606060606
34,155,156,3,104,3.0588235294117645
35,150,175,3,107,3.057142857142857
36,605,580,4,111,3.0833333333333335
37,118,93,4,115,3.108108108108108
38,385,360,3,118,3.1052631578947367
39,459,458,3,121,3.1025641025641026
40,167,168,3,124,3.1
41,107,108,3,127,3.097560975609756
42,44,69,4,131,3.119047619047619
43,335,334,3,134,3.116279069767442
44,251,276,3,137,3.1136363636363638
45,196,197,3,140,3.111111111111111
46,501,502,3,143,3.108695652173913
47,212,187,3,146,3.106382978723404
48,251,250,4,150,3.125
49,269,270,3,153,3.122448979591837
50,332,331,3,156,3.12
51,125,150,4,160,3.1372549019607843
52,391,416,3,163,3.1346153846153846
53,366,367,3,166,3.1320754716981134
54,65,40,3,169,3.1296296296296298
55,515,540,3,172,3.1272727272727274
56,248,273,3,175,3.125
57,34,9,3,178,3.1228070175438596
58,480,479,3,181,3.1206896551724137
59,198,173,4,185,3.135593220338983
60,463,488,3,188,3.1333333333333333
61,111,86,3,191,3.1311475409836067
62,524,499,3,194,3.129032258064516
63,28,27,3,197,3.126984126984127
64,323,324,3,200,3.125
65,198,199,4,204,3.1384615384615384
66,146,147,3,207,3.1363636363636362
67,133,158,3,210,3.1343283582089554
68,416,415,3,213,3.1323529411764706
69,103,102,3,216,3.130434782608696
70,457,482,3,219,3.1285714285714286
71,57,82,3,222,3.1267605633802815
72,88,113,3,225,3.125
73,535,560,3,228,3.1232876712328768
74,181,180,3,231,3.1216216216216215
75,605,606,4,235,3.1333333333333333
76,481,456,3,238,3.1315789473684212
77,127,102,3,241,3.1298701298701297
78,470,445,3,244,3.128205128205128
79,229,254,3,247,3.1265822784810124
80,169,170,3,250,3.125
81,386,385,4,254,3.1358024691358026
82,383,384,3,257,3.1341463414634148
83,153,152,3,260,3.1325301204819276
84,541,542,3,263,3.130952380952381
85,36,37,3,266,3.1294117647058823
86,474,473,3,269,3.127906976744186
87,126,125,4,273,3.1379310344827585
88,534,509,3,276,3.1363636363636362
89,154,129,5,281,3.157303370786517
90,591,592,3,284,3.1555555555555554
91,161,186,3,287,3.1538461538461537
92,209,234,3,290,3.152173913043478
93,88,87,4,294,3.161290322580645
94,61,60,5,299,3.1808510638297873
95,161,136,4,303,3.1894736842105265
96,472,447,3,306,3.1875
97,239,240,4,310,3.195876288659794
98,102,101,3,313,3.193877551020408
99,342,343,3,316,3.191919191919192
100,566,565,3,319,3.19
101,567,568,4,323,3.198019801980198
102,41,42,3,326,3.196078431372549
103,154,153,7,333,3.233009708737864
104,471,496,3,336,3.230769230769231
105,358,383,4,340,3.238095238095238
106,423,448,3,343,3.2358490566037736
107,241,242,3,346,3.2336448598130842
108,292,293,3,349,3.2314814814814814
109,363,364,4,353,3.238532110091743
110,361,362,3,356,3.2363636363636363
111,258,283,3,359,3.234234234234234
112,75,100,3,362,3.232142857142857
113,61,86,6,368,3.256637168141593
114,81,106,3,371,3.254385964912281
115,52,27,3,374,3.252173913043478
116,230,255,3,377,3.25
117,309,334,3,380,3.247863247863248
118,378,379,3,383,3.2457627118644066
119,136,111,4,387,3.2521008403361344
120,439,464,3,390,3.25
121,532,533,3,393,3.2479338842975207
122,166,191,3,396,3.2459016393442623
123,523,522,3,399,3.2439024390243905
124,210,211,3,402,3.2419354838709675
125,115,140,3,405,3.24
126,347,346,4,409,3.246031746031746
127,218,217,3,412,3.2440944881889764
128,561,560,3,415,3.2421875
129,526,501,4,419,3.248062015503876
130,174,149,4,423,3.253846153846154
131,258,259,4,427,3.2595419847328246
132,77,52,4,431,3.265151515151515
133,36,11,6,437,3.2857142857142856
134,307,306,3,440,3.283582089552239
135,577,552,4,444,3.2888888888888888
136,62,61,8,452,3.323529411764706
137,450,425,3,455,3.321167883211679
138,569,570,3,458,3.318840579710145
139,268,293,3,461,3.316546762589928
140,79,78,3,464,3.3142857142857145
141,233,208,3,467,3.3120567375886525
142,571,570,3,470,3.3098591549295775
143,534,535,5,475,3.3216783216783217
144,527,552,4,479,3.326388888888889
145,224,199,4,483,3.331034482758621
146,409,408,3,486,3.328767123287671
147,521,520,3,489,3.326530612244898
148,621,622,3,492,3.324324324324324
149,493,518,3,495,3.3221476510067114
150,107,106,4,499,3.3266666666666667
151,511,510,3,502,3.3245033112582782
152,298,299,3,505,3.3223684210526314
153,37,62,6,511,3.3398692810457518
154,224,249,4,515,3.344155844155844
155,405,380,3,518,3.3419354838709676
156,236,237,3,521,3.33974358974359
157,120,121,3,524,3.337579617834395
158,393,418,3,527,3.3354430379746836
159,206,231,3,530,3.3333333333333335
160,287,288,3,533,3.33125
161,593,568,3,536,3.329192546583851
162,34,59,4,540,3.3333333333333335
163,483,484,3,543,3.331288343558282
164,226,227,3,546,3.3292682926829267
165,73,74,3,549,3.327272727272727
166,276,277,4,553,3.3313253012048194
167,588,587,3,556,3.3293413173652695
168,288,313,3,559,3.3273809523809526
169,410,385,5,564,3.337278106508876
170,506,505,3,567,3.335294117647059
171,597,598,3,570,3.3333333333333335
172,337,312,3,573,3.3313953488372094
173,55,56,3,576,3.3294797687861273
174,300,325,3,579,3.3275862068965516
175,135,134,3,582,3.3257142857142856
176,4,29,3,585,3.3238636363636362
177,501,500,4,589,3.327683615819209
178,438,437,3,592,3.3258426966292136
179,311,312,3,595,3.3240223463687153
180,598,599,3,598,3.3222222222222224
181,320,345,3,601,3.320441988950276
182,211,236,4,605,3.3241758241758244
183,587,562,3,608,3.3224043715846996
184,74,99,3,611,3.3206521739130435
185,473,498,3,614,3.3189189189189188
186,278,279,3,617,3.317204301075269
187,394,369,3,620,3.3155080213903743
188,123,148,3,623,3.3138297872340425
189,233,232,4,627,3.3174603174603177
190,252,277,3,630,3.3157894736842106
191,177,202,3,633,3.3141361256544504
192,160,185,3,636,3.3125
193,331,356,3,639,3.3108808290155443
194,192,191,3,642,3.3092783505154637
195,119,118,4,646,3.312820512820513
196,576,601,3,649,3.311224489795918
197,317,316,3,652,3.3096446700507616
198,462,487,3,655,3.308080808080808
199,42,43,4,659,3.3115577889447234
200,336,311,4,663,3.315
201,515,490,4,667,3.318407960199005
202,13,14,3,670,3.3168316831683167
203,210,235,5,675,3.3251231527093594
204,473,448,4,679,3.3284313725490198
205,342,341,4,683,3.3317073170731706
206,340,315,3,686,3.3300970873786406
207,413,388,3,689,3.3285024154589373
208,514,515,5,694,3.3365384615384617
209,144,143,3,697,3.334928229665072
210,146,145,4,701,3.3380952380952382
211,541,566,6,707,3.3507109004739335
212,128,103,5,712,3.358490566037736
213,184,159,3,715,3.356807511737089
214,488,489,3,718,3.3551401869158877
215,454,455,3,721,3.353488372093023
216,82,83,3,724,3.3518518518518516
217,70,45,3,727,3.3502304147465436
218,221,222,3,730,3.3486238532110093
219,241,240,5,735,3.356164383561644
220,412,411,3,738,3.3545454545454545
221,591,590,4,742,3.3574660633484164
222,592,593,6,748,3.369369369369369
223,276,301,5,753,3.376681614349776
224,452,453,3,756,3.375
225,256,255,3,759,3.3733333333333335
226,397,372,3,762,3.3716814159292037
227,201,200,3,765,3.3700440528634363
228,232,207,3,768,3.3684210526315788
229,466,465,3,771,3.3668122270742358
230,561,586,4,775,3.369565217391304
231,417,442,3,778,3.367965367965368
232,409,434,4,782,3.3706896551724137
233,238,239,4,786,3.3733905579399144
234,389,390,4,790,3.376068376068376
235,26,1,3,793,3.374468085106383
236,510,485,3,796,3.3728813559322033
237,283,282,4,800,3.3755274261603376
238,281,306,3,803,3.3739495798319328
239,449,474,6,809,3.3849372384937237
240,324,349,3,812,3.3833333333333333
241,121,146,5,817,3.3900414937759336
242,111,112,5,822,3.396694214876033
243,434,435,4,826,3.39917695473251
244,507,508,3,829,3.3975409836065573
245,103,104,5,834,3.404081632653061
246,319,294,3,837,3.402439024390244
247,455,480,4,841,3.4048582995951415
248,558,557,3,844,3.403225806451613
249,291,292,4,848,3.4056224899598395
250,553,578,3,851,3.404
251,392,391,5,856,3.410358565737052
252,552,551,5,861,3.4166666666666665
253,55,80,4,865,3.41897233201581
254,538,539,3,868,3.4173228346456694
255,367,392,4,872,3.4196078431372547
256,340,365,4,876,3.421875
257,272,297,3,879,3.4202334630350193
258,266,265,3,882,3.4186046511627906
259,401,376,3,885,3.416988416988417
260,279,280,3,888,3.4153846153846152
261,516,515,5,893,3.421455938697318
262,178,177,4,897,3.4236641221374047
263,572,571,4,901,3.425855513307985
264,154,179,7,908,3.4393939393939394
265,263,262,3,911,3.4377358490566037
266,6,31,3,914,3.43609022556391
267,323,348,5,919,3.4419475655430714
268,481,506,5,924,3.4477611940298507
269,178,179,4,928,3.449814126394052
270,526,527,8,936,3.466666666666667
271,444,469,3,939,3.4649446494464944
272,273,274,3,942,3.463235294117647
273,132,133,4,946,3.4652014652014653
274,275,300,4,950,3.4671532846715327
275,261,236,5,955,3.4727272727272727
276,344,369,3,958,3.471014492753623
277,63,38,3,961,3.4693140794223827
278,5,30,3,964,3.4676258992805757
279,301,300,4,968,3.4695340501792113
280,86,87,5,973,3.475
281,9,10,4,977,3.4768683274021353
282,344,319,5,982,3.482269503546099
283,428,427,3,985,3.480565371024735
284,400,375,3,988,3.4788732394366195
285,350,375,3,991,3.4771929824561405
286,235,236,4,995,3.479020979020979
287,337,336,4,999,3.480836236933798
288,616,615,3,1002,3.4791666666666665
289,381,380,3,1005,3.4775086505190314
290,58,59,4,1009,3.4793103448275864
291,492,493,4,1013,3.4810996563573884
292,555,556,3,1016,3.4794520547945207
293,459,434,5,1021,3.484641638225256
294,368,369,4,1025,3.4863945578231292
295,407,382,3,1028,3.4847457627118645
296,166,141,4,1032,3.4864864864864864
297,70,95,4,1036,3.4882154882154883
298,380,355,3,1039,3.4865771812080535
299,34,35,6,1045,3.4949832775919734
300,49,24,3,1048,3.493333333333333
301,126,127,7,1055,3.504983388704319
302,403,378,4,1059,3.506622516556291
303,509,484,5,1064,3.5115511551155114
304,613,588,5,1069,3.5164473684210527
305,208,207,4,1073,3.518032786885246
306,143,168,3,1076,3.5163398692810457
307,406,431,3,1079,3.514657980456026
308,263,238,5,1084,3.5194805194805197
309,595,596,3,1087,3.517799352750809
310,218,193,4,1091,3.5193548387096776
311,183,182,3,1094,3.517684887459807
312,195,220,3,1097,3.516025641025641
313,381,406,6,1103,3.523961661341853
314,64,65,4,1107,3.5254777070063694
315,371,372,3,1110,3.5238095238095237
316,531,506,4,1114,3.5253164556962027
317,218,219,5,1119,3.529968454258675
318,144,145,5,1124,3.5345911949685536
319,475,450,4,1128,3.5360501567398117
320,547,548,5,1133,3.540625
321,363,362,5,1138,3.545171339563863
322,337,362,4,1142,3.546583850931677
323,214,239,4,1146,3.5479876160990713
324,110,111,7,1153,3.558641975308642
325,600,575,3,1156,3.556923076923077
326,105,106,3,1159,3.5552147239263805
327,147,148,4,1163,3.5565749235474007
328,599,574,3,1166,3.5548780487804876
329,622,623,3,1169,3.5531914893617023
330,319,320,5,1174,3.5575757575757576
331,36,35,9,1183,3.5740181268882174
332,258,233,9,1192,3.5903614457831323
333,266,267,4,1196,3.5915915915915915
334,481,480,6,1202,3.5988023952095807
335,414,439,6,1208,3.6059701492537313
336,169,168,6,1214,3.613095238095238
337,479,478,3,1217,3.6112759643916914
338,224,223,5,1222,3.6153846153846154
339,181,182,4,1226,3.616519174041298
340,351,326,3,1229,3.614705882352941
341,466,441,4,1233,3.6158357771260996
342,85,60,8,1241,3.628654970760234
343,140,165,3,1244,3.626822157434402
344,91,90,3,1247,3.625
345,263,264,5,1252,3.628985507246377
346,188,187,4,1256,3.6300578034682083
347,446,447,4,1260,3.6311239193083575
348,607,606,3,1263,3.6293103448275863
349,341,316,3,1266,3.627507163323782
350,143,142,6,1272,3.6342857142857143
351,443,442,3,1275,3.6324786324786325
352,354,353,3,1278,3.6306818181818183
353,162,137,3,1281,3.6288951841359776
354,281,256,5,1286,3.632768361581921
355,549,574,3,1289,3.630985915492958
356,407,408,6,1295,3.6376404494382024
357,575,550,3,1298,3.6358543417366946
358,171,170,5,1303,3.6396648044692737
359,389,388,7,1310,3.649025069637883
360,390,391,8,1318,3.661111111111111
361,250,225,6,1324,3.667590027700831
362,536,537,3,1327,3.665745856353591
363,227,228,3,1330,3.6639118457300275
364,84,59,6,1336,3.67032967032967
365,139,140,4,1340,3.671232876712329
366,485,484,3,1343,3.669398907103825
367,573,598,5,1348,3.673024523160763
368,356,381,6,1354,3.6793478260869565
369,314,315,5,1359,3.682926829268293
370,299,324,5,1364,3.6864864864864866
371,370,395,4,1368,3.68733153638814
372,166,165,5,1373,3.6908602150537635
373,63,62,8,1381,3.702412868632708
374,507,506,7,1388,3.7112299465240643
375,426,425,3,1391,3.7093333333333334
376,479,454,6,1397,3.7154255319148937
377,545,570,5,1402,3.7188328912466844
378,376,375,3,1405,3.7169312169312168
379,572,597,7,1412,3.7255936675461743
380,606,581,3,1415,3.723684210526316
381,278,277,8,1423,3.7349081364829395
382,303,302,3,1426,3.7329842931937174
383,190,165,3,1429,3.731070496083551
384,230,205,4,1433,3.7317708333333335
385,175,200,4,1437,3.7324675324675325
386,529,528,4,1441,3.733160621761658
387,18,17,3,1444,3.731266149870801
388,458,457,5,1449,3.734536082474227
389,514,513,5,1454,3.7377892030848328
390,617,616,4,1458,3.7384615384615385
391,298,323,7,1465,3.7468030690537084
392,162,161,11,1476,3.7653061224489797
393,471,472,5,1481,3.768447837150127
394,81,56,5,1486,3.771573604060914
395,182,207,3,1489,3.769620253164557
396,539,564,3,1492,3.7676767676767677
397,573,572,5,1497,3.770780856423174
398,596,621,5,1502,3.7738693467336684
399,64,39,4,1506,3.774436090225564
400,571,546,8,1514,3.785
401,554,555,4,1518,3.7855361596009973
402,388,363,9,1527,3.798507462686567
403,351,376,5,1532,3.801488833746898
404,304,329,3,1535,3.7995049504950495
405,123,122,5,1540,3.802469135802469
406,135,160,5,1545,3.8054187192118225
407,157,132,4,1549,3.805896805896806
408,599,624,4,1553,3.8063725490196076
409,451,426,4,1557,3.806845965770171
410,162,187,5,1562,3.8097560975609754
411,502,477,5,1567,3.812652068126521
412,508,483,5,1572,3.8155339805825244
413,141,140,4,1576,3.8159806295399514
414,303,328,4,1580,3.816425120772947
415,551,576,5,1585,3.819277108433735
416,471,446,6,1591,3.824519230769231
417,161,160,12,1603,3.8441247002398082
418,465,490,5,1608,3.84688995215311
419,3,2,3,1611,3.844868735083532
420,138,113,7,1618,3.8523809523809525
421,309,284,4,1622,3.852731591448931
422,452,451,5,1627,3.8554502369668247
423,414,413,9,1636,3.867612293144208
424,540,565,5,1641,3.8702830188679247
425,210,185,6,1647,3.875294117647059
426,350,325,5,1652,3.8779342723004695
427,383,382,6,1658,3.882903981264637
428,2,1,3,1661,3.880841121495327
429,598,623,6,1667,3.885780885780886
430,97,72,3,1670,3.883720930232558
431,485,460,4,1674,3.8839907192575405
432,315,316,4,1678,3.884259259259259
433,19,20,3,1681,3.8822170900692843
434,31,32,3,1684,3.880184331797235
435,546,521,10,1694,3.8942528735632185
436,320,321,5,1699,3.896788990825688
437,29,54,3,1702,3.8947368421052633
438,330,331,5,1707,3.8972602739726026
439,92,67,3,1710,3.8952164009111616
440,480,505,10,1720,3.909090909090909
441,274,249,4,1724,3.909297052154195
442,22,47,3,1727,3.9072398190045248
443,304,279,6,1733,3.9119638826185104
444,493,468,6,1739,3.9166666666666665
445,424,423,4,1743,3.9168539325842695
446,39,40,3,1746,3.914798206278027
447,164,165,3,1749,3.912751677852349
448,269,268,5,1754,3.9151785714285716
449,445,446,5,1759,3.917594654788419
450,228,203,3,1762,3.9155555555555557
451,384,409,7,1769,3.9223946784922394
452,390,365,8,1777,3.9314159292035398
453,283,308,6,1783,3.93598233995585
454,374,399,3,1786,3.933920704845815
455,361,386,10,1796,3.9472527472527474
456,94,119,5,1801,3.949561403508772
457,237,262,7,1808,3.9562363238512037
458,43,68,4,1812,3.9563318777292578
459,295,270,4,1816,3.9564270152505445
460,400,425,5,1821,3.958695652173913
461,360,335,6,1827,3.963123644251627
462,122,121,6,1833,3.9675324675324677
463,469,468,5,1838,3.9697624190064795
464,189,188,7,1845,3.976293103448276
465,377,352,7,1852,3.9827956989247313
466,367,342,11,1863,3.9978540772532187
467,67,42,5,1868,4.0
468,616,591,7,1875,4.006410256410256
469,442,467,3,1878,4.004264392324094
470,558,533,4,1882,4.004255319148936
471,395,394,8,1890,4.012738853503185
472,3,28,6,1896,4.016949152542373
473,476,477,4,1900,4.016913319238901
474,257,258,8,1908,4.025316455696203
475,280,281,9,1917,4.03578947368421
476,517,542,5,1922,4.03781512605042
477,505,504,7,1929,4.044025157232705
478,302,301,9,1938,4.054393305439331
479,14,15,3,1941,4.052192066805845
480,523,498,10,1951,4.064583333333333
481,393,368,8,1959,4.072765072765073
482,46,71,3,1962,4.070539419087137
483,141,142,5,1967,4.072463768115942
484,477,452,8,1975,4.080578512396694
485,535,510,11,1986,4.094845360824742
486,237,238,7,1993,4.100823045267489
487,232,231,5,1998,4.102669404517454
488,5,6,6,2004,4.10655737704918
489,75,50,4,2008,4.106339468302658
490,278,253,9,2017,4.116326530612245
491,68,69,3,2020,4.114052953156823
492,584,559,3,2023,4.111788617886178
493,503,504,3,2026,4.109533468559838
494,281,282,10,2036,4.1214574898785425
495,19,44,7,2043,4.127272727272727
496,411,410,7,2050,4.133064516129032
497,290,265,4,2054,4.132796780684105
498,579,554,4,2058,4.132530120481928
499,85,84,11,2069,4.1462925851703405
500,65,66,5,2074,4.148
501,9,8,9,2083,4.157684630738523
502,484,459,9,2092,4.1673306772908365
503,427,402,3,2095,4.165009940357853
504,195,196,5,2100,4.166666666666667
505,617,618,5,2105,4.1683168316831685
506,418,443,6,2111,4.17193675889328
507,101,126,7,2118,4.177514792899408
508,268,243,8,2126,4.18503937007874
509,92,117,5,2131,4.18664047151277
510,290,315,8,2139,4.194117647058824
511,562,561,9,2148,4.203522504892368
512,255,280,11,2159,4.216796875
513,488,487,4,2163,4.216374269005848
514,578,603,9,2172,4.22568093385214
515,80,79,4,2176,4.225242718446602
516,57,58,15,2191,4.246124031007752
517,77,78,4,2195,4.245647969052224
518,417,418,6,2201,4.249034749034749
519,246,271,3,2204,4.246628131021194
520,95,96,3,2207,4.244230769230769
521,234,233,9,2216,4.253358925143954
522,530,555,4,2220,4.252873563218391
523,543,568,5,2225,4.254302103250478
524,396,397,4,2229,4.2538167938931295
525,22,23,4,2233,4.253333333333333
526,29,28,6,2239,4.256653992395437
527,502,527,19,2258,4.2846299810246675
528,12,13,5,2263,4.285984848484849
529,217,216,5,2268,4.287334593572779
530,522,547,15,2283,4.307547169811321
531,357,332,6,2289,4.3107344632768365
532,543,518,6,2295,4.31390977443609
533,151,176,3,2298,4.311444652908068
534,69,70,8,2306,4.318352059925093
535,556,557,4,2310,4.317757009345795
536,247,248,6,2316,4.32089552238806
537,513,538,9,2325,4.329608938547486
538,204,205,8,2333,4.336431226765799
539,604,605,5,2338,4.337662337662338
540,528,527,15,2353,4.357407407407408
541,455,456,17,2370,4.380776340110906
542,624,623,7,2377,4.385608856088561
543,284,285,4,2381,4.384898710865562
544,27,26,6,2387,4.387867647058823
545,94,95,7,2394,4.392660550458715
546,486,511,11,2405,4.404761904761905
547,192,167,11,2416,4.416819012797075
548,372,347,5,2421,4.4178832116788325
549,129,104,6,2427,4.420765027322404
550,349,374,5,2432,4.421818181818182
551,313,314,10,2442,4.431941923774954
552,354,329,12,2454,4.445652173913044
553,294,293,10,2464,4.455696202531645
554,377,378,14,2478,4.472924187725631
555,291,290,11,2489,4.484684684684685
556,433,408,10,2499,4.494604316546763
557,57,56,12,2511,4.508078994614004
558,215,190,8,2519,4.514336917562724
559,467,492,11,2530,4.525939177101968
560,383,408,15,2545,4.544642857142857
561,569,594,9,2554,4.552584670231729
562,209,208,13,2567,4.567615658362989
563,2,27,8,2575,4.573712255772646
564,466,491,12,2587,4.586879432624113
565,147,122,6,2593,4.589380530973451
566,112,113,18,2611,4.613074204946996
567,21,46,4,2615,4.6119929453262785
568,284,259,14,2629,4.628521126760563
569,563,538,8,2637,4.634446397188049
570,392,417,16,2653,4.65438596491228
571,458,433,11,2664,4.665499124343257
572,464,465,20,2684,4.6923076923076925
573,297,298,6,2690,4.694589877835951
574,336,361,25,2715,4.729965156794425
575,607,582,4,2719,4.728695652173913
576,553,554,16,2735,4.748263888888889
577,225,200,13,2748,4.7625649913344885
578,186,211,21,2769,4.790657439446367
579,33,34,13,2782,4.804835924006908
580,237,212,14,2796,4.820689655172414
581,52,51,6,2802,4.822719449225473
582,620,595,8,2810,4.828178694158075
583,492,517,20,2830,4.854202401372213
584,585,610,3,2833,4.851027397260274
585,257,282,19,2852,4.875213675213676
586,520,545,13,2865,4.889078498293515
587,541,540,24,2889,4.9216354344122655
588,269,244,11,2900,4.931972789115647
589,609,584,4,2904,4.930390492359932
590,109,84,12,2916,4.942372881355932
591,247,246,5,2921,4.9424703891708965
592,562,537,11,2932,4.952702702702703
593,172,197,3,2935,4.949409780775717
594,166,167,13,2948,4.962962962962963
595,264,265,17,2965,4.983193277310924
596,129,130,8,2973,4.988255033557047
597,89,114,3,2976,4.984924623115578
598,204,179,17,2993,5.005016722408027
599,51,76,5,2998,5.005008347245409
600,415,390,32,3030,5.05
601,54,53,9,3039,5.05657237936772
602,219,244,16,3055,5.074750830564784
603,491,490,24,3079,5.106135986733002
604,494,493,17,3096,5.125827814569536
605,87,62,29,3125,5.1652892561983474
606,158,183,18,3143,5.186468646864687
607,517,518,29,3172,5.225700164744646
608,358,359,17,3189,5.245065789473684
609,105,104,19,3208,5.267651888341543
610,285,260,13,3221,5.280327868852459
611,343,318,20,3241,5.304418985270049
612,348,347,6,3247,5.305555555555555
613,615,614,20,3267,5.32952691680261
614,169,144,30,3297,5.369706840390879
615,53,78,16,3313,5.386991869918699
616,494,495,8,3321,5.391233766233766
617,576,577,46,3367,5.457050243111832
618,23,24,3,3370,5.453074433656958
619,22,21,7,3377,5.455573505654281
620,41,40,10,3387,5.462903225806452
621,467,466,40,3427,5.518518518518518
622,112,87,37,3464,5.569131832797428
623,245,220,4,3468,5.56661316211878
624,442,441,39,3507,5.6201923076923075
625,411,436,20,3527,5.6432
626,256,257,42,3569,5.701277955271565
627,469,494,28,3597,5.7368421052631575
628,441,416,44,3641,5.797770700636943
629,132,107,26,3667,5.829888712241654
630,468,467,39,3706,5.882539682539683
631,345,344,45,3751,5.944532488114104
632,608,609,4,3755,5.9414556962025316
633,358,333,23,3778,5.9684044233807265
634,418,419,23,3801,5.995268138801261
635,430,429,3,3804,5.990551181102362
636,130,131,13,3817,6.001572327044025
637,127,128,37,3854,6.050235478806908
638,115,90,20,3874,6.072100313479623
639,364,365,56,3930,6.150234741784038
640,296,271,3,3933,6.1453125
641,260,235,30,3963,6.182527301092044
642,229,228,26,3989,6.213395638629284
643,232,257,51,4040,6.283048211508554
644,189,190,40,4080,6.3354037267080745
645,234,235,45,4125,6.395348837209302
646,195,170,24,4149,6.422600619195046
647,117,118,8,4157,6.425038639876353
648,487,486,24,4181,6.452160493827161
649,203,204,26,4207,6.482280431432974
650,142,117,22,4229,6.506153846153846
651,582,583,3,4232,6.500768049155146
652,561,536,47,4279,6.5628834355828225
653,7,32,23,4302,6.588055130168454
654,387,388,31,4333,6.625382262996942
655,333,334,33,4366,6.665648854961832
656,420,421,4,4370,6.661585365853658
657,317,292,54,4424,6.7336377473363775
658,327,352,30,4454,6.768996960486322
659,564,563,46,4500,6.828528072837633
660,39,14,6,4506,6.827272727272727
661,177,152,45,4551,6.885022692889561
662,144,119,33,4584,6.924471299093655
663,426,401,65,4649,7.012066365007541
664,248,223,7,4656,7.0120481927710845
665,566,567,60,4716,7.091729323308271
666,53,28,38,4754,7.138138138138138
667,106,131,29,4783,7.170914542728636
668,473,472,7,4790,7.1706586826347305
669,525,526,36,4826,7.213751868460388
670,327,302,33,4859,7.2522388059701495
671,382,381,34,4893,7.292101341281669
672,222,197,8,4901,7.293154761904762
673,610,609,4,4905,7.288261515601783
674,522,521,14,4919,7.298219584569733
675,291,316,57,4976,7.371851851851852
676,339,338,33,5009,7.409763313609467
677,328,329,65,5074,7.4948301329394384
678,31,56,30,5104,7.528023598820059
679,247,222,7,5111,7.527245949926362
680,185,186,60,5171,7.604411764705882
681,554,529,56,5227,7.675477239353891
682,393,392,63,5290,7.756598240469208
683,108,83,55,5345,7.825768667642753
684,514,489,41,5386,7.874269005847953
685,48,23,5,5391,7.87007299270073
686,37,12,38,5429,7.91399416909621
687,46,45,11,5440,7.918486171761281
688,25,0,3,5443,7.911337209302325
689,463,462,18,5461,7.925979680696662
690,101,76,42,5503,7.975362318840579
691,11,10,60,5563,8.050651230101302
692,548,573,19,5582,8.066473988439306
693,137,112,59,5641,8.13997113997114
694,123,124,27,5668,8.167146974063401
695,359,360,48,5716,8.224460431654677
696,489,490,42,5758,8.272988505747126
697,368,367,67,5825,8.357245337159254
698,71,96,10,5835,8.359598853868194
699,229,230,63,5898,8.437768240343347
700,496,495,16,5914,8.448571428571428
701,366,365,66,5980,8.530670470756062
702,86,85,63,6043,8.608262108262108
703,496,497,5,6048,8.603129445234709
704,482,481,69,6117,8.688920454545455
705,326,301,74,6191,8.781560283687943
706,278,303,73,6264,8.872521246458923
707,139,114,28,6292,8.899575671852899
708,71,70,17,6309,8.911016949152541
709,275,276,79,6388,9.0098730606488
710,223,198,17,6405,9.02112676056338
711,590,565,67,6472,9.10267229254571
712,496,521,13,6485,9.10814606741573
713,16,41,16,6501,9.11781206171108
714,501,476,74,6575,9.208683473389355
715,371,370,39,6614,9.25034965034965
716,511,536,61,6675,9.322625698324023
717,577,602,41,6716,9.366806136680614
718,37,38,71,6787,9.452646239554317
719,423,422,10,6797,9.453407510431154
720,71,72,9,6806,9.452777777777778
721,399,424,16,6822,9.461858529819695
722,171,146,63,6885,9.53601108033241
723,32,33,39,6924,9.576763485477178
724,157,182,62,6986,9.649171270718233
725,608,583,4,6990,9.641379310344828
726,474,499,14,7004,9.647382920110193
727,205,206,73,7077,9.73452544704264
728,539,514,75,7152,9.824175824175825
729,601,600,42,7194,9.868312757201647
730,419,420,27,7221,9.891780821917807
731,208,183,80,7301,9.987688098495212
732,537,538,65,7366,10.062841530054644
733,110,85,75,7441,10.151432469304229
734,105,130,61,7502,10.220708446866485
735,288,289,38,7540,10.258503401360544
736,455,430,46,7586,10.307065217391305
737,531,532,79,7665,10.400271370420624
738,337,338,57,7722,10.463414634146341
739,227,202,52,7774,10.519621109607577
740,120,145,72,7846,10.602702702702702
741,559,534,48,7894,10.653171390013496
742,261,262,75,7969,10.73989218328841
743,241,216,74,8043,10.825033647375506
744,379,354,73,8116,10.908602150537634
745,430,405,17,8133,10.916778523489933
746,241,266,79,8212,11.00804289544236
747,396,421,23,8235,11.024096385542169
748,317,318,65,8300,11.096256684491978
749,139,164,68,8368,11.17222963951936
750,310,285,38,8406,11.208
751,478,477,84,8490,11.304926764314247
752,532,557,68,8558,11.38031914893617
753,238,213,39,8597,11.416998671978751
754,195,194,22,8619,11.431034482758621
755,359,384,70,8689,11.508609271523179
756,243,242,82,8771,11.601851851851851
757,432,457,44,8815,11.644649933949802
758,422,447,21,8836,11.656992084432718
759,519,518,44,8880,11.699604743083004
760,271,272,28,8908,11.721052631578948
761,12,11,59,8967,11.783180026281208
762,478,453,89,9056,11.884514435695538
763,453,428,49,9105,11.93315858453473
764,614,613,69,9174,12.007853403141361
765,138,139,77,9251,12.09281045751634
766,96,97,28,9279,12.113577023498694
767,399,398,15,9294,12.117340286831812
768,55,54,78,9372,12.203125
769,199,174,41,9413,12.240572171651495
770,566,591,92,9505,12.344155844155845
771,213,188,47,9552,12.38910505836576
772,488,513,69,9621,12.462435233160623
773,169,194,43,9664,12.501940491591203
774,603,602,52,9716,12.55297157622739
775,293,318,70,9786,12.627096774193548
776,432,431,20,9806,12.63659793814433
777,524,523,33,9839,12.662805662805663
778,30,31,38,9877,12.695372750642674
779,88,63,89,9966,12.793324775353017
780,172,173,44,10010,12.833333333333334
781,510,509,95,10105,12.93854033290653
782,272,273,35,10140,12.966751918158568
783,559,558,46,10186,13.008939974457215
784,494,519,36,10222,13.03826530612245
785,374,373,31,10253,13.061146496815287
786,547,572,47,10300,13.104325699745548
787,263,288,84,10384,13.19440914866582
788,17,16,15,10399,13.196700507614214
789,78,103,77,10476,13.277566539923955
790,542,543,90,10566,13.374683544303798
791,131,132,55,10621,13.427307206068267
792,519,544,6,10627,13.417929292929292
793,504,529,90,10717,13.514501891551072
794,60,59,93,10810,13.614609571788414
795,356,355,36,10846,13.642767295597483
796,341,340,94,10940,13.743718592964823
797,415,414,97,11037,13.848180677540778
798,285,286,43,11080,13.884711779448622
799,439,438,53,11133,13.933667083854818
800,588,563,90,11223,14.02875
801,25,50,4,11227,14.016229712858927
802,463,438,29,11256,14.034912718204488
803,581,556,53,11309,14.083437110834371
804,244,245,63,11372,14.144278606965175
805,500,475,101,11473,14.252173913043478
806,93,92,53,11526,14.300248138957816
807,274,299,40,11566,14.332094175960346
808,351,350,105,11671,14.444306930693068
809,152,127,84,11755,14.530284301606923
810,472,497,35,11790,14.555555555555555
811,440,415,50,11840,14.599260172626387
812,214,215,87,11927,14.688423645320198
813,231,230,94,12021,14.785977859778598
814,80,81,84,12105,14.871007371007371
815,550,525,31,12136,14.89079754601227
816,511,512,99,12235,14.993872549019608
817,483,458,97,12332,15.094247246022032
818,67,68,51,12383,15.138141809290953
819,255,254,93,12476,15.233211233211232
820,589,588,50,12526,15.27560975609756
821,147,172,68,12594,15.339829476248477
822,454,453,102,12696,15.445255474452555
823,587,612,50,12746,15.487241798298907
824,343,368,101,12847,15.591019417475728
825,508,509,103,12950,15.696969696969697
826,240,265,93,13043,15.790556900726392
827,49,48,43,13086,15.823458282950423
828,184,183,53,13139,15.868357487922705
829,583,558,53,13192,15.913148371531966
830,164,189,86,13278,15.997590361445782
831,461,436,31,13309,16.015643802647414
832,109,134,85,13394,16.098557692307693
833,196,171,68,13462,16.160864345738297
834,156,181,95,13557,16.255395683453237
835,124,99,20,13577,16.259880239520957
836,531,530,98,13675,16.357655502392344
837,116,91,29,13704,16.372759856630825
838,431,430,32,13736,16.391408114558473
839,326,325,107,13843,16.499404052443385
840,44,45,57,13900,16.547619047619047
841,507,482,101,14001,16.648038049940546
842,557,582,55,14056,16.693586698337292
843,519,520,32,14088,16.71174377224199
844,167,142,88,14176,16.796208530805686
845,469,470,71,14247,16.860355029585797
846,563,562,92,14339,16.94917257683215
847,507,532,96,14435,17.04250295159386
848,94,93,57,14492,17.089622641509433
849,3,4,91,14583,17.176678445229683
850,366,391,104,14687,17.278823529411763
851,456,431,75,14762,17.346650998824913
852,524,549,41,14803,17.374413145539908
853,489,464,79,14882,17.446658851113718
854,397,398,26,14908,17.456674473067917
855,98,97,17,14925,17.45614035087719
856,377,402,62,14987,17.50817757009346
857,413,412,101,15088,17.605600933488915
858,148,149,67,15155,17.663170163170165
859,91,66,51,15206,17.70197904540163
860,308,333,77,15283,17.77093023255814
861,16,15,40,15323,17.796747967479675
862,312,287,102,15425,17.894431554524363
863,212,211,95,15520,17.9837775202781
864,486,461,49,15569,18.019675925925927
865,571,596,53,15622,18.060115606936417
866,226,251,86,15708,18.138568129330253
867,356,357,44,15752,18.168396770472896
868,145,170,88,15840,18.24884792626728
869,295,294,99,15939,18.341772151898734
870,308,309,97,16036,18.432183908045978
871,163,138,93,16129,18.51779563719862
872,364,339,107,16236,18.619266055045873
873,416,417,100,16336,18.712485681557848
874,402,401,62,16398,18.762013729977117
875,302,277,106,16504,18.861714285714285
876,349,348,41,16545,18.886986301369863
877,582,581,26,16571,18.89509692132269
878,176,175,45,16616,18.9248291571754
879,254,279,101,16717,19.01820250284414
880,589,614,36,16753,19.0375
881,322,297,39,16792,19.06015891032917
882,587,586,100,16892,19.151927437641724
883,221,246,45,16937,19.181200453001132
884,526,551,107,17044,19.28054298642534
885,159,158,40,17084,19.303954802259888
886,460,461,52,17136,19.340857787810382
887,452,427,61,17197,19.38782412626832
888,329,330,75,17272,19.45045045045045
889,321,322,67,17339,19.503937007874015
890,82,107,95,17434,19.58876404494382
891,462,461,30,17464,19.600448933782268
892,495,520,54,17518,19.6390134529148
893,303,304,106,17624,19.73572228443449
894,90,65,53,17677,19.772930648769574
895,295,320,99,17776,19.86145251396648
896,160,159,49,17825,19.893973214285715
897,463,464,81,17906,19.962095875139354
898,10,35,95,18001,20.0456570155902
899,619,594,70,18071,20.10122358175751
900,403,402,52,18123,20.136666666666667
